,Brand_Audi,Brand_BMW,Brand_Fiat,Brand_Ford,Brand_Honda,Brand_Hyundai,Brand_Jaguar,Brand_Land,Brand_Mahindra,Brand_Maruti,Brand_Mercedes-Benz,Brand_Mitsubishi,Brand_Nissan,Brand_Renault,Brand_Skoda,Brand_Tata,Brand_Toyota,Brand_Volkswagen,Brand_Volvo,Fuel Type_Diesel,Fuel Type_Petrol,TransmissionType_Manual,Body Type_Convertible,Body Type_Coupe,Body Type_Hatchback,Body Type_Minivan,Body Type_Pickup Truck,Body Type_SUV,Body Type_Sedan,ARAI Mileage,Engine Displacement (cc),No. of cylinder,Max Power (kW),Max Torque (Nm),Seating Capacity,Fuel Tank Capacity,Power Steering,Power Windows Front,Anti Lock Braking System,Air Conditioner,Driver Airbag,Passenger Airbag,Automatic Climate Control,Fog Lights - Front,Alloy Wheels,Price,Ground Clearance Unladen
0,0.0,0.0,0.0,0.0,0.0,0.0,0.0,0.0,0.0,1.0,0.0,0.0,0.0,0.0,0.0,0.0,0.0,0.0,0.0,0.0,1.0,0.0,0.0,0.0,1.0,0.0,0.0,0.0,0.0,22.56,1197.0,4.0,65.99445,113.0,5.0,37.0,1.0,1.0,1.0,1.0,1.0,1.0,1.0,1.0,1.0,751000.0,689.2
1,0.0,0.0,0.0,0.0,0.0,0.0,0.0,0.0,0.0,1.0,0.0,0.0,0.0,0.0,0.0,0.0,0.0,0.0,0.0,0.0,1.0,0.0,0.0,0.0,0.0,0.0,0.0,1.0,0.0,20.01,998.0,3.0,73.593133,147.6,5.0,37.0,1.0,1.0,1.0,1.0,1.0,1.0,1.0,0.0,1.0,1029500.0,204.0952380952381
2,0.0,0.0,0.0,0.0,0.0,0.0,0.0,0.0,0.0,1.0,0.0,0.0,0.0,0.0,0.0,0.0,0.0,0.0,0.0,0.0,1.0,0.0,0.0,0.0,0.0,0.0,0.0,1.0,0.0,19.8,1462.0,4.0,75.80040500000001,136.8,5.0,48.0,1.0,1.0,1.0,1.0,1.0,1.0,1.0,1.0,1.0,1121500.0,204.0952380952381
3,0.0,0.0,0.0,0.0,0.0,0.0,0.0,0.0,0.0,1.0,0.0,0.0,0.0,0.0,0.0,0.0,0.0,0.0,0.0,0.0,1.0,0.0,0.0,0.0,0.0,0.0,0.0,0.0,1.0,22.61,1197.0,4.0,65.99445,113.0,5.0,37.0,1.0,1.0,1.0,1.0,1.0,1.0,1.0,1.0,1.0,795000.0,174.25
4,0.0,0.0,0.0,0.0,0.0,0.0,0.0,0.0,0.0,1.0,0.0,0.0,0.0,0.0,0.0,0.0,0.0,0.0,0.0,0.0,1.0,0.0,0.0,0.0,0.0,0.0,0.0,1.0,0.0,16.39,1462.0,4.0,77.09792300000001,134.2,4.0,40.0,1.0,1.0,1.0,1.0,1.0,1.0,1.0,1.0,1.0,1389500.0,210.0
5,0.0,0.0,0.0,0.0,0.0,0.0,0.0,0.0,0.0,1.0,0.0,0.0,0.0,0.0,0.0,0.0,0.0,0.0,0.0,0.0,1.0,0.0,0.0,0.0,1.0,0.0,0.0,0.0,0.0,24.43,1197.0,4.0,65.99445,113.0,5.0,32.0,1.0,1.0,1.0,1.0,1.0,1.0,0.0,1.0,1.0,648000.0,689.2
6,0.0,0.0,0.0,0.0,0.0,0.0,0.0,0.0,0.0,1.0,0.0,0.0,0.0,0.0,0.0,0.0,0.0,0.0,0.0,0.0,1.0,0.0,0.0,0.0,0.0,0.0,0.0,0.0,0.0,23.24,1987.0,4.0,111.996683,188.0,7.0,52.0,1.0,1.0,1.0,1.0,1.0,1.0,0.0,0.0,1.0,2660500.0,182.0
7,0.0,0.0,0.0,0.0,0.0,0.0,0.0,0.0,0.0,1.0,0.0,0.0,0.0,0.0,0.0,0.0,0.0,0.0,0.0,0.0,0.0,1.0,0.0,0.0,1.0,0.0,0.0,0.0,0.0,33.85,998.0,3.0,41.699544,82.1,4.0,55.0,1.0,1.0,1.0,1.0,1.0,1.0,0.0,0.0,0.0,497499.99999999994,689.2
8,0.0,0.0,0.0,0.0,0.0,0.0,0.0,0.0,0.0,1.0,0.0,0.0,0.0,0.0,0.0,0.0,0.0,0.0,0.0,0.0,1.0,0.0,0.0,0.0,0.0,0.0,0.0,0.0,0.0,20.27,1462.0,4.0,75.80040500000001,136.8,6.0,45.0,1.0,1.0,1.0,1.0,1.0,1.0,1.0,1.0,1.0,1319000.0000000002,182.0
9,0.0,0.0,0.0,0.0,0.0,0.0,0.0,0.0,0.0,1.0,0.0,0.0,0.0,0.0,0.0,0.0,0.0,0.0,0.0,0.0,0.0,1.0,0.0,0.0,1.0,0.0,0.0,0.0,0.0,32.73,998.0,3.0,41.699544,82.1,4.0,55.0,1.0,1.0,1.0,1.0,1.0,1.0,0.0,0.0,0.0,518999.99999999994,689.2
10,0.0,0.0,0.0,0.0,0.0,0.0,0.0,0.0,0.0,1.0,0.0,0.0,0.0,0.0,0.0,0.0,0.0,0.0,0.0,0.0,0.0,1.0,0.0,0.0,0.0,0.0,0.0,0.0,0.0,26.08,1462.0,4.0,67.99292600000001,122.0,7.0,60.0,1.0,1.0,1.0,1.0,1.0,1.0,0.0,0.0,0.0,1022500.0,182.0
11,0.0,0.0,0.0,0.0,0.0,0.0,0.0,0.0,0.0,1.0,0.0,0.0,0.0,0.0,0.0,0.0,0.0,0.0,0.0,0.0,1.0,1.0,0.0,0.0,1.0,0.0,0.0,0.0,0.0,22.05,796.0,3.0,35.293981,69.0,5.0,35.0,1.0,1.0,1.0,1.0,1.0,0.0,0.0,0.0,0.0,420000.0,689.2
12,0.0,0.0,0.0,0.0,0.0,0.0,0.0,0.0,0.0,1.0,0.0,0.0,0.0,0.0,0.0,0.0,0.0,0.0,0.0,0.0,0.0,1.0,0.0,0.0,0.0,1.0,0.0,0.0,0.0,27.05,1197.0,4.0,52.698619,95.0,2.0,65.0,0.0,0.0,0.0,1.0,0.0,0.0,0.0,0.0,0.0,608000.0,245.01853002070393
13,0.0,0.0,0.0,0.0,0.0,0.0,0.0,0.0,0.0,1.0,0.0,0.0,0.0,0.0,0.0,0.0,0.0,0.0,0.0,0.0,0.0,1.0,0.0,0.0,0.0,0.0,0.0,0.0,1.0,31.12,1197.0,4.0,56.99385100000001,98.5,5.0,55.0,1.0,1.0,1.0,1.0,1.0,0.0,0.0,0.0,0.0,693500.0,174.25
14,0.0,0.0,0.0,0.0,0.0,0.0,0.0,0.0,0.0,1.0,0.0,0.0,0.0,0.0,0.0,0.0,0.0,0.0,0.0,0.0,0.0,1.0,0.0,0.0,1.0,0.0,0.0,0.0,0.0,34.73,998.0,3.0,41.699544,82.1,5.0,58.02758620689655,1.0,1.0,1.0,1.0,1.0,1.0,0.0,0.0,0.0,596500.0,689.2
15,0.0,0.0,0.0,0.0,0.0,1.0,0.0,0.0,0.0,0.0,0.0,0.0,0.0,0.0,0.0,0.0,0.0,0.0,0.0,0.0,1.0,0.0,0.0,0.0,0.0,0.0,0.0,1.0,0.0,19.2,1197.0,4.0,60.99826,113.8,5.0,37.0,1.0,1.0,1.0,1.0,1.0,1.0,0.0,0.0,1.0,805000.0000000001,204.0952380952381
16,0.0,0.0,0.0,0.0,0.0,1.0,0.0,0.0,0.0,0.0,0.0,0.0,0.0,0.0,0.0,0.0,0.0,0.0,0.0,1.0,0.0,0.0,0.0,0.0,0.0,0.0,0.0,1.0,0.0,18.841571428571427,1493.0,4.0,84.599665,250.0,5.0,50.0,1.0,1.0,1.0,1.0,1.0,1.0,1.0,1.0,1.0,1503500.0,204.0952380952381
17,0.0,0.0,0.0,0.0,0.0,1.0,0.0,0.0,0.0,0.0,0.0,0.0,0.0,0.0,0.0,0.0,0.0,0.0,0.0,0.0,1.0,0.0,0.0,0.0,0.0,0.0,0.0,0.0,1.0,20.6,1482.0,4.0,117.499949,253.0,5.0,45.0,1.0,1.0,1.0,1.0,1.0,1.0,1.0,0.0,1.0,1417000.0,174.25
18,0.0,0.0,0.0,0.0,0.0,1.0,0.0,0.0,0.0,0.0,0.0,0.0,0.0,0.0,0.0,0.0,0.0,0.0,0.0,0.0,1.0,0.0,0.0,0.0,0.0,0.0,0.0,1.0,0.0,18.841571428571427,998.0,3.0,88.298337,172.0,5.0,45.0,1.0,1.0,1.0,1.0,1.0,1.0,1.0,0.0,1.0,1047500.0,204.0952380952381
19,0.0,0.0,0.0,0.0,0.0,1.0,0.0,0.0,0.0,0.0,0.0,0.0,0.0,0.0,0.0,0.0,0.0,0.0,0.0,0.0,0.0,1.0,0.0,0.0,0.0,0.0,0.0,0.0,1.0,18.841571428571427,1197.0,4.0,50.498804,95.2,5.0,65.0,1.0,1.0,1.0,1.0,1.0,1.0,1.0,0.0,1.0,761500.0,174.25
20,0.0,0.0,0.0,0.0,0.0,1.0,0.0,0.0,0.0,0.0,0.0,0.0,0.0,0.0,0.0,0.0,0.0,0.0,0.0,1.0,0.0,0.0,0.0,0.0,0.0,0.0,0.0,1.0,0.0,18.1,1498.0,4.0,84.99488600000001,250.0,6.0,58.02758620689655,1.0,1.0,1.0,1.0,1.0,1.0,1.0,1.0,1.0,1900000.0,204.0952380952381
21,0.0,0.0,0.0,0.0,0.0,1.0,0.0,0.0,0.0,0.0,0.0,0.0,0.0,0.0,0.0,0.0,0.0,0.0,0.0,1.0,0.0,0.0,0.0,0.0,0.0,0.0,0.0,1.0,0.0,18.841571428571427,1997.0,4.0,137.00000400000002,416.0,5.0,54.0,1.0,1.0,1.0,1.0,1.0,1.0,0.0,0.0,1.0,3204500.0,204.0952380952381
22,0.0,0.0,0.0,0.0,0.0,1.0,0.0,0.0,0.0,0.0,0.0,0.0,0.0,0.0,0.0,0.0,0.0,0.0,0.0,0.0,1.0,0.0,0.0,0.0,0.0,0.0,0.0,1.0,0.0,18.841571428571427,2157.352,4.504,134.1,395.0,5.0,58.02758620689655,1.0,1.0,1.0,1.0,1.0,1.0,1.0,0.0,1.0,2393500.0,204.0952380952381
23,0.0,0.0,0.0,0.0,0.0,1.0,0.0,0.0,0.0,0.0,0.0,0.0,0.0,0.0,0.0,0.0,0.0,0.0,0.0,0.0,1.0,0.0,0.0,0.0,0.0,0.0,0.0,1.0,0.0,18.841571428571427,998.0,3.0,88.298337,172.0,5.0,45.0,1.0,1.0,1.0,1.0,1.0,1.0,1.0,0.0,1.0,1324000.0,204.0952380952381
24,0.0,0.0,0.0,0.0,0.0,1.0,0.0,0.0,0.0,0.0,0.0,0.0,0.0,0.0,0.0,0.0,0.0,0.0,0.0,0.0,1.0,0.0,0.0,0.0,1.0,0.0,0.0,0.0,0.0,18.841571428571427,1197.0,4.0,60.99826,113.8,5.0,37.0,1.0,1.0,1.0,1.0,1.0,1.0,1.0,0.0,1.0,712000.0,689.2
25,0.0,0.0,0.0,0.0,0.0,1.0,0.0,0.0,0.0,0.0,0.0,0.0,0.0,0.0,0.0,0.0,0.0,0.0,0.0,0.0,1.0,0.0,0.0,0.0,1.0,0.0,0.0,0.0,0.0,20.25,998.0,3.0,88.298337,172.0,5.0,37.0,1.0,1.0,1.0,1.0,1.0,1.0,1.0,1.0,1.0,1125000.0,689.2
26,0.0,0.0,0.0,0.0,0.0,1.0,0.0,0.0,0.0,0.0,0.0,0.0,0.0,0.0,0.0,0.0,0.0,0.0,0.0,0.0,1.0,0.0,0.0,0.0,0.0,0.0,0.0,1.0,0.0,18.841571428571427,2157.352,4.504,214.56,350.0,5.0,58.02758620689655,1.0,1.0,1.0,1.0,1.0,1.0,0.0,1.0,1.0,4495000.0,204.0952380952381
27,0.0,0.0,0.0,0.0,0.0,0.0,0.0,0.0,0.0,0.0,0.0,0.0,0.0,0.0,0.0,1.0,0.0,0.0,0.0,0.0,1.0,0.0,0.0,0.0,0.0,0.0,0.0,1.0,0.0,18.8,1199.0,3.0,64.599991,115.0,5.0,58.02758620689655,1.0,1.0,1.0,1.0,1.0,1.0,1.0,1.0,1.0,805000.0000000001,204.0952380952381
28,0.0,0.0,0.0,0.0,0.0,0.0,0.0,0.0,0.0,0.0,0.0,0.0,0.0,0.0,0.0,1.0,0.0,0.0,0.0,1.0,0.0,0.0,0.0,0.0,0.0,0.0,0.0,1.0,0.0,24.07,1497.0,4.0,84.57729400000001,260.0,5.0,58.02758620689655,1.0,1.0,1.0,1.0,1.0,1.0,1.0,1.0,1.0,1130000.0,209.0
29,0.0,0.0,0.0,0.0,0.0,0.0,0.0,0.0,0.0,0.0,0.0,0.0,0.0,0.0,0.0,1.0,0.0,0.0,0.0,1.0,0.0,0.0,0.0,0.0,0.0,0.0,0.0,1.0,0.0,14.6,1956.0,4.0,125.03151899999999,350.0,5.0,50.0,1.0,1.0,1.0,1.0,1.0,1.0,1.0,1.0,1.0,1973500.0,204.0952380952381
30,0.0,0.0,0.0,0.0,0.0,0.0,0.0,0.0,0.0,0.0,0.0,0.0,0.0,0.0,0.0,1.0,0.0,0.0,0.0,1.0,0.0,1.0,0.0,0.0,1.0,0.0,0.0,0.0,0.0,23.64,1497.0,4.0,66.195789,200.0,5.0,37.0,1.0,1.0,1.0,1.0,1.0,1.0,1.0,1.0,1.0,867000.0,165.0
31,0.0,0.0,0.0,0.0,0.0,0.0,0.0,0.0,0.0,0.0,0.0,0.0,0.0,0.0,0.0,1.0,0.0,0.0,0.0,0.0,1.0,0.0,0.0,0.0,1.0,0.0,0.0,0.0,0.0,18.841571428571427,2157.352,4.504,73.75,114.0,5.0,58.02758620689655,1.0,1.0,1.0,1.0,1.0,1.0,1.0,1.0,0.0,1036499.9999999999,689.2
32,0.0,0.0,0.0,0.0,0.0,0.0,0.0,0.0,0.0,0.0,0.0,0.0,0.0,0.0,0.0,1.0,0.0,0.0,0.0,0.0,0.0,1.0,0.0,0.0,0.0,0.0,0.0,0.0,1.0,26.49,1199.0,3.0,53.98868000000001,95.0,5.0,60.0,1.0,1.0,1.0,1.0,1.0,1.0,1.0,1.0,0.0,760000.0,174.25
33,0.0,0.0,0.0,0.0,0.0,0.0,0.0,0.0,0.0,0.0,0.0,0.0,0.0,0.0,0.0,1.0,0.0,0.0,0.0,0.0,1.0,0.0,0.0,0.0,0.0,0.0,0.0,0.0,1.0,18.841571428571427,2157.352,4.504,73.75,170.0,5.0,58.02758620689655,1.0,1.0,1.0,1.0,1.0,1.0,1.0,1.0,0.0,1312000.0,172.0
34,0.0,0.0,0.0,0.0,0.0,0.0,0.0,0.0,0.0,0.0,0.0,0.0,0.0,0.0,0.0,1.0,0.0,0.0,0.0,0.0,1.0,0.0,0.0,0.0,0.0,0.0,0.0,1.0,0.0,18.841571428571427,2157.352,4.504,141.04,250.0,5.0,58.02758620689655,0.0,1.0,1.0,0.0,1.0,1.0,1.0,1.0,1.0,1801500.0,190.0
35,0.0,0.0,0.0,0.0,0.0,0.0,0.0,0.0,0.0,0.0,0.0,0.0,0.0,0.0,0.0,1.0,0.0,0.0,0.0,0.0,0.0,1.0,0.0,0.0,1.0,0.0,0.0,0.0,0.0,26.49,1199.0,3.0,53.996137,95.0,5.0,60.0,1.0,1.0,1.0,1.0,1.0,1.0,0.0,1.0,0.0,737500.0,177.0
36,0.0,0.0,0.0,0.0,0.0,0.0,0.0,0.0,0.0,0.0,0.0,0.0,0.0,0.0,0.0,1.0,0.0,0.0,0.0,1.0,0.0,1.0,0.0,0.0,0.0,0.0,1.0,0.0,0.0,18.841571428571427,2956.0,4.0,63.3845,250.0,3.0,45.0,1.0,0.0,0.0,0.0,0.0,0.0,0.0,0.0,0.0,722500.0,190.0
37,0.0,0.0,0.0,0.0,0.0,0.0,0.0,0.0,0.0,0.0,0.0,0.0,0.0,0.0,0.0,1.0,0.0,0.0,0.0,0.0,1.0,0.0,0.0,0.0,0.0,0.0,0.0,1.0,0.0,18.841571428571427,2157.352,4.504,127.0,245.0,5.0,58.02758620689655,1.0,1.0,1.0,1.0,1.0,1.0,1.0,1.0,1.0,1584000.0,205.0
38,0.0,0.0,0.0,0.0,1.0,0.0,0.0,0.0,0.0,0.0,0.0,0.0,0.0,0.0,0.0,0.0,0.0,0.0,0.0,0.0,1.0,0.0,0.0,0.0,0.0,0.0,0.0,0.0,1.0,18.4,1498.0,4.0,88.999295,145.0,5.0,40.0,1.0,1.0,1.0,1.0,1.0,1.0,1.0,1.0,1.0,1381000.0,174.25
39,0.0,0.0,0.0,0.0,1.0,0.0,0.0,0.0,0.0,0.0,0.0,0.0,0.0,0.0,0.0,0.0,0.0,0.0,0.0,0.0,1.0,0.0,0.0,0.0,0.0,0.0,0.0,0.0,1.0,18.3,1199.0,4.0,65.99445,110.0,5.0,35.0,1.0,1.0,1.0,1.0,1.0,1.0,1.0,1.0,1.0,835500.0,174.25
40,0.0,0.0,0.0,0.0,1.0,0.0,0.0,0.0,0.0,0.0,0.0,0.0,0.0,0.0,0.0,0.0,0.0,0.0,0.0,0.0,1.0,0.0,0.0,0.0,0.0,0.0,0.0,0.0,1.0,27.13,1498.0,4.0,71.997335,127.0,5.0,40.0,1.0,1.0,1.0,1.0,1.0,1.0,1.0,1.0,1.0,1964000.0,174.25
41,0.0,0.0,0.0,0.0,0.0,0.0,0.0,0.0,1.0,0.0,0.0,0.0,0.0,0.0,0.0,0.0,0.0,0.0,0.0,1.0,0.0,0.0,0.0,0.0,0.0,0.0,0.0,1.0,0.0,18.841571428571427,2184.0,4.0,96.941,300.0,4.0,57.0,1.0,1.0,1.0,1.0,1.0,1.0,0.0,1.0,1.0,1366000.0,226.0
42,0.0,0.0,0.0,0.0,0.0,0.0,0.0,0.0,1.0,0.0,0.0,0.0,0.0,0.0,0.0,0.0,0.0,0.0,0.0,1.0,0.0,0.0,0.0,0.0,0.0,0.0,0.0,1.0,0.0,18.841571428571427,2198.0,4.0,136.000766,450.0,6.0,58.02758620689655,1.0,1.0,1.0,1.0,1.0,1.0,0.0,1.0,1.0,2009500.0,204.0952380952381
43,0.0,0.0,0.0,0.0,0.0,0.0,0.0,0.0,1.0,0.0,0.0,0.0,0.0,0.0,0.0,0.0,0.0,0.0,0.0,1.0,0.0,1.0,0.0,0.0,0.0,0.0,0.0,1.0,0.0,16.0,1493.0,3.0,55.897672,210.0,7.0,60.0,1.0,1.0,1.0,1.0,1.0,1.0,0.0,1.0,0.0,1028500.0,204.0952380952381
44,0.0,0.0,0.0,0.0,0.0,0.0,0.0,0.0,1.0,0.0,0.0,0.0,0.0,0.0,0.0,0.0,0.0,0.0,0.0,1.0,0.0,0.0,0.0,0.0,0.0,0.0,0.0,1.0,0.0,18.841571428571427,2198.0,4.0,128.595965,400.0,6.0,58.02758620689655,1.0,1.0,1.0,1.0,0.0,1.0,0.0,1.0,1.0,1878000.0,187.0
45,0.0,0.0,0.0,0.0,0.0,0.0,0.0,0.0,1.0,0.0,0.0,0.0,0.0,0.0,0.0,0.0,0.0,0.0,0.0,1.0,0.0,0.0,0.0,0.0,0.0,0.0,0.0,1.0,0.0,18.841571428571427,1497.0,4.0,85.792785,300.0,5.0,42.0,1.0,1.0,1.0,1.0,1.0,1.0,0.0,1.0,1.0,1129500.0,204.0952380952381
46,0.0,0.0,0.0,0.0,0.0,0.0,0.0,0.0,1.0,0.0,0.0,0.0,0.0,0.0,0.0,0.0,0.0,0.0,0.0,1.0,0.0,1.0,0.0,0.0,0.0,0.0,0.0,1.0,0.0,18.841571428571427,2184.0,4.0,96.993199,300.0,7.0,60.0,1.0,1.0,1.0,1.0,1.0,1.0,1.0,1.0,1.0,1490500.0,204.0952380952381
47,0.0,0.0,0.0,0.0,0.0,0.0,0.0,0.0,1.0,0.0,0.0,0.0,0.0,0.0,0.0,0.0,0.0,0.0,0.0,1.0,0.0,1.0,0.0,0.0,0.0,0.0,0.0,1.0,0.0,17.29,1493.0,3.0,74.57000000000001,260.0,7.0,50.0,1.0,1.0,1.0,1.0,1.0,1.0,0.0,1.0,1.0,1088500.0000000002,180.0
48,0.0,0.0,0.0,0.0,0.0,0.0,0.0,0.0,1.0,0.0,0.0,0.0,0.0,0.0,0.0,0.0,0.0,0.0,0.0,1.0,0.0,1.0,0.0,0.0,0.0,0.0,0.0,0.0,0.0,17.3,1497.0,4.0,90.199872,300.0,7.0,45.0,1.0,1.0,1.0,1.0,1.0,1.0,1.0,1.0,1.0,1528000.0,182.0
49,0.0,0.0,0.0,0.0,0.0,0.0,0.0,0.0,1.0,0.0,0.0,0.0,0.0,0.0,0.0,0.0,0.0,0.0,0.0,1.0,0.0,1.0,0.0,0.0,0.0,0.0,1.0,0.0,0.0,18.841571428571427,2523.0,4.0,55.99461300000001,200.0,5.0,57.0,1.0,1.0,0.0,1.0,0.0,0.0,0.0,0.0,0.0,951500.0,185.0
50,0.0,0.0,0.0,0.0,0.0,0.0,0.0,0.0,1.0,0.0,0.0,0.0,0.0,0.0,0.0,0.0,0.0,0.0,0.0,0.0,1.0,1.0,0.0,0.0,1.0,0.0,0.0,0.0,0.0,18.15,1198.0,3.0,61.147400000000005,115.0,6.0,35.0,1.0,1.0,1.0,1.0,1.0,1.0,1.0,1.0,1.0,701000.0,170.0
51,0.0,0.0,0.0,0.0,0.0,0.0,0.0,0.0,1.0,0.0,0.0,0.0,0.0,0.0,0.0,0.0,0.0,0.0,0.0,0.0,1.0,0.0,0.0,0.0,0.0,0.0,0.0,1.0,0.0,18.841571428571427,2157.352,4.504,147.51,310.0,5.0,58.02758620689655,1.0,1.0,1.0,1.0,1.0,1.0,0.0,0.0,1.0,1769000.0000000002,204.0952380952381
52,0.0,0.0,0.0,0.0,0.0,0.0,0.0,0.0,1.0,0.0,0.0,0.0,0.0,0.0,0.0,0.0,0.0,0.0,0.0,0.0,0.0,1.0,0.0,0.0,0.0,0.0,1.0,0.0,0.0,17.2,2523.0,4.0,49.999185,178.0,2.0,146.0,1.0,0.0,0.0,0.0,0.0,0.0,0.0,0.0,0.0,769000.0,187.5
53,0.0,0.0,0.0,0.0,0.0,0.0,0.0,0.0,1.0,0.0,0.0,0.0,0.0,0.0,0.0,0.0,0.0,0.0,0.0,0.0,1.0,0.0,0.0,0.0,0.0,0.0,0.0,0.0,1.0,18.841571428571427,2157.352,4.504,30.998749,91.0,5.0,58.02758620689655,1.0,1.0,1.0,1.0,1.0,0.0,0.0,0.0,1.0,929500.0000000001,172.0
54,0.0,0.0,0.0,0.0,0.0,0.0,0.0,0.0,1.0,0.0,0.0,0.0,0.0,0.0,0.0,0.0,0.0,0.0,0.0,1.0,0.0,1.0,0.0,0.0,0.0,0.0,1.0,0.0,0.0,18.841571428571427,2523.0,4.0,55.99461300000001,200.0,2.0,60.0,1.0,0.0,0.0,0.0,0.0,0.0,0.0,0.0,0.0,898500.0,187.5
55,0.0,0.0,0.0,0.0,0.0,0.0,0.0,0.0,0.0,0.0,0.0,0.0,0.0,0.0,0.0,0.0,1.0,0.0,0.0,1.0,0.0,1.0,0.0,0.0,0.0,0.0,0.0,0.0,0.0,18.841571428571427,2393.0,4.0,109.998207,343.0,7.0,55.0,1.0,1.0,1.0,1.0,1.0,1.0,1.0,1.0,1.0,2302000.0,182.0
57,0.0,0.0,0.0,0.0,0.0,0.0,0.0,0.0,0.0,0.0,0.0,0.0,0.0,0.0,0.0,0.0,1.0,0.0,0.0,0.0,1.0,0.0,0.0,0.0,0.0,0.0,0.0,1.0,0.0,27.97,1490.0,3.0,67.99292600000001,122.0,5.0,45.0,1.0,1.0,1.0,1.0,1.0,1.0,1.0,0.0,1.0,1542500.0,204.0952380952381
58,0.0,0.0,0.0,0.0,0.0,0.0,0.0,0.0,0.0,0.0,0.0,0.0,0.0,0.0,0.0,0.0,1.0,0.0,0.0,1.0,0.0,0.0,0.0,0.0,0.0,0.0,1.0,0.0,0.0,18.841571428571427,2755.0,4.0,149.997555,500.0,5.0,80.0,1.0,1.0,1.0,1.0,1.0,1.0,0.0,1.0,1.0,3415000.0,187.5
59,0.0,0.0,0.0,0.0,0.0,0.0,0.0,0.0,0.0,0.0,0.0,0.0,0.0,0.0,0.0,0.0,1.0,0.0,0.0,1.0,0.0,0.0,0.0,0.0,0.0,0.0,0.0,1.0,0.0,18.841571428571427,2755.0,4.0,149.997555,500.0,7.0,80.0,1.0,1.0,1.0,1.0,1.0,1.0,0.0,1.0,1.0,4508000.0,204.0952380952381
60,0.0,0.0,0.0,0.0,0.0,0.0,0.0,0.0,0.0,0.0,0.0,0.0,0.0,0.0,0.0,0.0,1.0,0.0,0.0,0.0,1.0,0.0,0.0,0.0,0.0,0.0,0.0,0.0,1.0,18.841571428571427,2487.0,4.0,130.997119,221.0,5.0,50.0,1.0,1.0,1.0,1.0,1.0,1.0,0.0,1.0,1.0,4617000.0,174.25
61,0.0,0.0,0.0,0.0,0.0,0.0,0.0,0.0,0.0,0.0,0.0,0.0,0.0,0.0,0.0,0.0,1.0,0.0,0.0,0.0,1.0,0.0,0.0,0.0,1.0,0.0,0.0,0.0,0.0,22.94,1197.0,4.0,65.99445,113.0,5.0,37.0,1.0,1.0,1.0,1.0,1.0,1.0,1.0,1.0,1.0,840499.9999999999,689.2
62,0.0,0.0,0.0,0.0,0.0,0.0,0.0,0.0,0.0,0.0,0.0,0.0,0.0,0.0,0.0,0.0,1.0,0.0,0.0,0.0,1.0,0.0,0.0,0.0,0.0,0.0,0.0,0.0,0.0,23.24,1987.0,4.0,137.00000400000002,188.0,7.0,52.0,1.0,1.0,1.0,1.0,1.0,1.0,0.0,1.0,1.0,2454000.0,182.0
63,0.0,0.0,0.0,1.0,0.0,0.0,0.0,0.0,0.0,0.0,0.0,0.0,0.0,0.0,0.0,0.0,0.0,0.0,0.0,0.0,1.0,1.0,0.0,0.0,0.0,0.0,0.0,0.0,1.0,18.16,1196.0,4.0,64.72676,112.0,5.0,42.0,1.0,1.0,0.0,1.0,1.0,1.0,0.0,0.0,0.0,715499.9999999999,174.0
64,0.0,0.0,0.0,1.0,0.0,0.0,0.0,0.0,0.0,0.0,0.0,0.0,0.0,0.0,0.0,0.0,0.0,0.0,0.0,1.0,0.0,0.0,0.0,0.0,0.0,0.0,0.0,1.0,0.0,13.9,1996.0,4.0,124.994234,420.0,7.0,80.0,1.0,1.0,1.0,1.0,1.0,1.0,0.0,1.0,1.0,3313000.0000000005,204.0952380952381
65,0.0,0.0,0.0,1.0,0.0,0.0,0.0,0.0,0.0,0.0,0.0,0.0,0.0,0.0,0.0,0.0,0.0,0.0,0.0,0.0,1.0,1.0,0.0,0.0,1.0,0.0,0.0,0.0,0.0,19.0,1194.0,3.0,70.60287600000001,120.0,5.0,42.0,1.0,1.0,1.0,1.0,1.0,1.0,0.0,0.0,0.0,747000.0,689.2
66,0.0,0.0,0.0,0.0,0.0,0.0,0.0,0.0,0.0,0.0,0.0,0.0,0.0,0.0,0.0,0.0,0.0,1.0,0.0,0.0,1.0,0.0,0.0,0.0,0.0,0.0,0.0,0.0,1.0,18.67,1498.0,4.0,109.998207,250.0,5.0,45.0,1.0,1.0,1.0,1.0,1.0,1.0,1.0,1.0,1.0,1512500.0,179.0
67,0.0,0.0,0.0,0.0,0.0,0.0,0.0,0.0,0.0,0.0,0.0,0.0,0.0,0.0,0.0,0.0,0.0,1.0,0.0,0.0,1.0,0.0,0.0,0.0,0.0,0.0,0.0,1.0,0.0,17.88,1498.0,4.0,109.998207,250.0,5.0,50.0,1.0,1.0,1.0,1.0,1.0,1.0,1.0,1.0,1.0,1554000.0,188.0
68,0.0,0.0,0.0,0.0,0.0,0.0,0.0,0.0,0.0,0.0,0.0,0.0,0.0,0.0,0.0,0.0,0.0,1.0,0.0,0.0,1.0,0.0,0.0,0.0,0.0,0.0,0.0,1.0,0.0,12.65,1984.0,4.0,139.99771800000002,320.0,5.0,60.0,1.0,1.0,1.0,1.0,1.0,1.0,0.0,0.0,1.0,3517000.0,204.0952380952381
69,0.0,0.0,0.0,0.0,0.0,0.0,0.0,0.0,0.0,0.0,0.0,0.0,0.0,1.0,0.0,0.0,0.0,0.0,0.0,0.0,1.0,0.0,0.0,0.0,0.0,0.0,0.0,0.0,0.0,18.2,999.0,3.0,52.95215700000001,96.0,7.0,40.0,1.0,1.0,1.0,1.0,1.0,1.0,0.0,0.0,0.0,765000.0,182.0
70,0.0,0.0,0.0,0.0,0.0,0.0,0.0,0.0,0.0,0.0,0.0,0.0,0.0,1.0,0.0,0.0,0.0,0.0,0.0,0.0,1.0,0.0,0.0,0.0,0.0,0.0,0.0,1.0,0.0,18.24,999.0,3.0,73.548391,152.0,5.0,40.0,1.0,1.0,1.0,1.0,1.0,1.0,1.0,0.0,1.0,886500.0,205.0
71,0.0,0.0,0.0,0.0,0.0,0.0,0.0,0.0,0.0,0.0,0.0,0.0,1.0,0.0,0.0,0.0,0.0,0.0,0.0,0.0,1.0,0.0,0.0,0.0,0.0,0.0,0.0,1.0,0.0,20.0,999.0,3.0,73.548391,152.0,5.0,58.02758620689655,1.0,1.0,1.0,1.0,1.0,1.0,1.0,1.0,1.0,851000.0,205.0
72,0.0,0.0,0.0,0.0,0.0,0.0,0.0,0.0,0.0,0.0,0.0,0.0,0.0,0.0,1.0,0.0,0.0,0.0,0.0,0.0,1.0,0.0,0.0,0.0,0.0,0.0,0.0,1.0,0.0,18.6,1498.0,4.0,109.998207,250.0,5.0,50.0,1.0,1.0,1.0,1.0,1.0,1.0,1.0,1.0,1.0,1564000.0,188.0
73,0.0,0.0,0.0,0.0,0.0,0.0,0.0,0.0,0.0,0.0,0.0,0.0,0.0,0.0,1.0,0.0,0.0,0.0,0.0,0.0,1.0,0.0,0.0,0.0,0.0,0.0,0.0,1.0,0.0,12.78,1984.0,4.0,139.99771800000002,320.0,7.0,60.0,1.0,1.0,1.0,1.0,1.0,1.0,0.0,1.0,1.0,4022500.0,192.0
74,0.0,0.0,1.0,0.0,0.0,0.0,0.0,0.0,0.0,0.0,0.0,0.0,0.0,0.0,0.0,0.0,0.0,0.0,0.0,1.0,0.0,1.0,0.0,0.0,1.0,0.0,0.0,0.0,0.0,20.5,1248.0,4.0,68.395604,209.0,5.0,45.0,1.0,1.0,0.0,1.0,0.0,0.0,0.0,0.0,1.0,827999.9999999999,205.0
75,0.0,1.0,0.0,0.0,0.0,0.0,0.0,0.0,0.0,0.0,0.0,0.0,0.0,0.0,0.0,0.0,0.0,0.0,0.0,1.0,0.0,0.0,0.0,0.0,0.0,0.0,0.0,1.0,0.0,14.31,2993.0,6.0,249.995925,700.0,6.0,58.02758620689655,1.0,1.0,1.0,0.0,1.0,1.0,0.0,1.0,1.0,12349999.999999998,204.0952380952381
76,0.0,1.0,0.0,0.0,0.0,0.0,0.0,0.0,0.0,0.0,0.0,0.0,0.0,0.0,0.0,0.0,0.0,0.0,0.0,1.0,0.0,0.0,0.0,0.0,0.0,0.0,0.0,1.0,0.0,20.37,1995.0,4.0,109.998207,360.0,5.0,58.02758620689655,1.0,1.0,1.0,1.0,1.0,1.0,0.0,1.0,1.0,4840000.0,204.0952380952381
80,0.0,1.0,0.0,0.0,0.0,0.0,0.0,0.0,0.0,0.0,0.0,0.0,0.0,0.0,0.0,0.0,0.0,0.0,0.0,0.0,1.0,0.0,1.0,0.0,0.0,0.0,0.0,0.0,0.0,18.841571428571427,2998.0,6.0,249.8095,500.0,2.0,52.0,1.0,1.0,1.0,1.0,1.0,1.0,0.0,0.0,1.0,8930000.0,245.01853002070393
81,0.0,1.0,0.0,0.0,0.0,0.0,0.0,0.0,0.0,0.0,0.0,0.0,0.0,0.0,0.0,0.0,0.0,0.0,0.0,0.0,1.0,0.0,0.0,0.0,0.0,0.0,0.0,1.0,0.0,18.841571428571427,2998.0,6.0,264.999409,500.0,5.0,58.02758620689655,1.0,1.0,1.0,1.0,1.0,1.0,0.0,1.0,1.0,7700000.0,204.0952380952381
82,0.0,1.0,0.0,0.0,0.0,0.0,0.0,0.0,0.0,0.0,0.0,0.0,0.0,0.0,0.0,0.0,0.0,0.0,0.0,0.0,1.0,0.0,0.0,0.0,0.0,0.0,0.0,1.0,0.0,18.841571428571427,2157.352,4.504,321.84,630.0,5.0,58.02758620689655,1.0,1.0,1.0,1.0,1.0,1.0,0.0,0.0,1.0,12100000.0,204.0952380952381
83,0.0,1.0,0.0,0.0,0.0,0.0,0.0,0.0,0.0,0.0,0.0,0.0,0.0,0.0,0.0,0.0,0.0,0.0,0.0,0.0,1.0,0.0,0.0,0.0,0.0,0.0,0.0,0.0,1.0,13.02,2998.0,6.0,274.99924599999997,500.0,5.0,58.02758620689655,1.0,1.0,1.0,1.0,1.0,1.0,0.0,1.0,1.0,7150000.0,174.25
85,0.0,1.0,0.0,0.0,0.0,0.0,0.0,0.0,0.0,0.0,0.0,0.0,0.0,0.0,0.0,0.0,0.0,0.0,0.0,0.0,1.0,0.0,0.0,0.0,0.0,0.0,0.0,0.0,1.0,14.82,1998.0,4.0,140.996956,280.0,5.0,50.0,1.0,1.0,1.0,1.0,1.0,1.0,0.0,1.0,1.0,4450000.0,174.25
86,0.0,1.0,0.0,0.0,0.0,0.0,0.0,0.0,0.0,0.0,0.0,0.0,0.0,0.0,0.0,0.0,0.0,0.0,0.0,0.0,1.0,0.0,1.0,0.0,0.0,0.0,0.0,0.0,0.0,18.841571428571427,2993.0,6.0,337.995982,550.0,4.0,58.02758620689655,1.0,1.0,1.0,1.0,1.0,1.0,0.0,1.0,1.0,9800000.0,245.01853002070393
87,0.0,1.0,0.0,0.0,0.0,0.0,0.0,0.0,0.0,0.0,0.0,0.0,0.0,0.0,0.0,0.0,0.0,0.0,0.0,1.0,0.0,0.0,0.0,0.0,0.0,0.0,0.0,0.0,1.0,17.42,2993.0,6.0,194.99309300000002,620.0,5.0,58.02758620689655,1.0,1.0,1.0,1.0,1.0,1.0,0.0,1.0,1.0,6890000.000000001,174.25
88,0.0,1.0,0.0,0.0,0.0,0.0,0.0,0.0,0.0,0.0,0.0,0.0,0.0,0.0,0.0,0.0,0.0,0.0,0.0,0.0,1.0,0.0,0.0,0.0,0.0,0.0,0.0,0.0,1.0,18.841571428571427,2157.352,4.504,335.25,430.0,5.0,58.02758620689655,1.0,1.0,1.0,1.0,1.0,1.0,0.0,0.0,1.0,7570000.0,174.25
89,0.0,1.0,0.0,0.0,0.0,0.0,0.0,0.0,0.0,0.0,0.0,0.0,0.0,0.0,0.0,0.0,0.0,0.0,0.0,1.0,0.0,0.0,0.0,1.0,0.0,0.0,0.0,0.0,0.0,19.61,1995.0,4.0,139.99771800000002,400.0,5.0,58.02758620689655,1.0,1.0,1.0,0.0,1.0,1.0,0.0,1.0,1.0,5970000.0,100.0
90,0.0,1.0,0.0,0.0,0.0,0.0,0.0,0.0,0.0,0.0,0.0,0.0,0.0,0.0,0.0,0.0,0.0,0.0,0.0,0.0,1.0,0.0,0.0,1.0,0.0,0.0,0.0,0.0,0.0,18.841571428571427,2993.0,6.0,374.997616,650.0,5.0,58.02758620689655,1.0,1.0,0.0,0.0,0.0,0.0,0.0,0.0,1.0,14800000.0,100.0
92,1.0,0.0,0.0,0.0,0.0,0.0,0.0,0.0,0.0,0.0,0.0,0.0,0.0,0.0,0.0,0.0,0.0,0.0,0.0,0.0,1.0,0.0,0.0,0.0,0.0,0.0,0.0,1.0,0.0,13.47,1984.0,4.0,183.13646300000002,370.0,5.0,58.02758620689655,0.0,0.0,0.0,0.0,1.0,1.0,0.0,1.0,1.0,6441000.0,204.0952380952381
93,1.0,0.0,0.0,0.0,0.0,0.0,0.0,0.0,0.0,0.0,0.0,0.0,0.0,0.0,0.0,0.0,0.0,0.0,0.0,0.0,1.0,0.0,0.0,0.0,0.0,0.0,0.0,0.0,1.0,18.841571428571427,1998.0,4.0,139.99771800000002,320.0,5.0,54.0,1.0,1.0,1.0,1.0,1.0,1.0,0.0,1.0,1.0,4785000.0,174.25
94,1.0,0.0,0.0,0.0,0.0,0.0,0.0,0.0,0.0,0.0,0.0,0.0,0.0,0.0,0.0,0.0,0.0,0.0,0.0,0.0,1.0,0.0,0.0,0.0,0.0,0.0,0.0,1.0,0.0,18.841571428571427,2995.0,6.0,249.995925,500.0,7.0,58.02758620689655,1.0,1.0,0.0,1.0,1.0,0.0,0.0,1.0,1.0,8850000.0,204.0952380952381
95,1.0,0.0,0.0,0.0,0.0,0.0,0.0,0.0,0.0,0.0,0.0,0.0,0.0,0.0,0.0,0.0,0.0,0.0,0.0,0.0,1.0,0.0,0.0,0.0,0.0,0.0,0.0,1.0,0.0,18.841571428571427,1984.0,4.0,139.99771800000002,320.0,5.0,62.4,1.0,1.0,0.0,1.0,0.0,0.0,0.0,1.0,1.0,4844500.0,204.0952380952381
96,1.0,0.0,0.0,0.0,0.0,0.0,0.0,0.0,0.0,0.0,0.0,0.0,0.0,0.0,0.0,0.0,0.0,0.0,0.0,0.0,1.0,0.0,0.0,0.0,0.0,0.0,0.0,1.0,0.0,18.841571428571427,2157.352,4.504,300.0,664.0,5.0,58.02758620689655,1.0,1.0,1.0,1.0,1.0,1.0,1.0,1.0,1.0,11400000.000000002,204.0952380952381
98,1.0,0.0,0.0,0.0,0.0,0.0,0.0,0.0,0.0,0.0,0.0,0.0,0.0,0.0,0.0,0.0,0.0,0.0,0.0,0.0,1.0,0.0,0.0,0.0,0.0,0.0,0.0,1.0,0.0,9.8,2995.0,4.0,253.538,500.0,5.0,85.0,1.0,1.0,1.0,1.0,1.0,1.0,1.0,1.0,1.0,12500000.0,204.0952380952381
100,1.0,0.0,0.0,0.0,0.0,0.0,0.0,0.0,0.0,0.0,0.0,0.0,0.0,0.0,0.0,0.0,0.0,0.0,0.0,0.0,1.0,0.0,0.0,0.0,0.0,0.0,0.0,0.0,1.0,18.841571428571427,2995.0,6.0,249.995925,500.0,5.0,58.02758620689655,1.0,1.0,1.0,1.0,1.0,1.0,0.0,1.0,1.0,14849999.999999998,174.25
101,1.0,0.0,0.0,0.0,0.0,0.0,0.0,0.0,0.0,0.0,0.0,0.0,0.0,0.0,0.0,0.0,0.0,0.0,0.0,0.0,1.0,0.0,0.0,0.0,0.0,0.0,0.0,1.0,0.0,18.841571428571427,1984.0,4.0,139.99771800000002,320.0,5.0,58.02758620689655,1.0,1.0,1.0,1.0,1.0,1.0,0.0,1.0,1.0,5226000.0,204.0952380952381
103,1.0,0.0,0.0,0.0,0.0,0.0,0.0,0.0,0.0,0.0,0.0,0.0,0.0,0.0,0.0,0.0,0.0,0.0,0.0,0.0,1.0,0.0,0.0,1.0,0.0,0.0,0.0,0.0,0.0,18.841571428571427,2994.0,6.0,259.995762,500.0,5.0,58.0,1.0,1.0,1.0,1.0,1.0,1.0,0.0,1.0,1.0,7573999.999999999,100.0
104,0.0,0.0,0.0,0.0,0.0,0.0,0.0,0.0,0.0,0.0,1.0,0.0,0.0,0.0,0.0,0.0,0.0,0.0,0.0,1.0,0.0,0.0,0.0,0.0,0.0,0.0,0.0,0.0,1.0,18.841571428571427,2925.0,6.0,209.99657700000003,600.0,5.0,58.02758620689655,1.0,1.0,1.0,1.0,1.0,1.0,1.0,1.0,1.0,8150000.0,174.25
106,0.0,0.0,0.0,0.0,0.0,0.0,0.0,0.0,0.0,0.0,1.0,0.0,0.0,0.0,0.0,0.0,0.0,0.0,0.0,1.0,0.0,0.0,0.0,0.0,0.0,0.0,0.0,1.0,0.0,18.841571428571427,1998.0,4.0,144.66580000000002,400.0,5.0,58.02758620689655,1.0,1.0,1.0,1.0,1.0,1.0,0.0,1.0,1.0,7400000.0,204.0952380952381
111,0.0,0.0,0.0,0.0,0.0,0.0,0.0,0.0,0.0,0.0,1.0,0.0,0.0,0.0,0.0,0.0,0.0,0.0,0.0,1.0,0.0,0.0,0.0,0.0,0.0,0.0,0.0,1.0,0.0,18.841571428571427,1998.0,4.0,139.99771800000002,400.0,7.0,58.02758620689655,1.0,1.0,1.0,1.0,1.0,1.0,0.0,0.0,1.0,6680000.0,204.0952380952381
113,0.0,0.0,0.0,0.0,0.0,0.0,0.0,0.0,0.0,0.0,1.0,0.0,0.0,0.0,0.0,0.0,0.0,0.0,0.0,1.0,0.0,0.0,0.0,1.0,0.0,0.0,0.0,0.0,0.0,16.34,1950.0,4.0,179.997066,500.0,5.0,66.0,1.0,1.0,1.0,1.0,1.0,1.0,1.0,1.0,1.0,7300000.0,100.0
115,0.0,0.0,0.0,0.0,0.0,0.0,0.0,0.0,0.0,0.0,1.0,0.0,0.0,0.0,0.0,0.0,0.0,0.0,0.0,0.0,1.0,0.0,0.0,0.0,0.0,0.0,0.0,0.0,1.0,18.841571428571427,1332.0,4.0,119.998044,250.0,5.0,66.0,1.0,1.0,1.0,1.0,1.0,1.0,1.0,1.0,1.0,4580000.0,174.25
116,0.0,0.0,0.0,0.0,0.0,0.0,0.0,0.0,0.0,0.0,1.0,0.0,0.0,0.0,0.0,0.0,0.0,0.0,0.0,0.0,1.0,0.0,0.0,0.0,1.0,0.0,0.0,0.0,0.0,18.841571428571427,1991.0,4.0,309.994947,500.0,5.0,51.0,1.0,1.0,1.0,1.0,1.0,1.0,0.0,0.0,1.0,9250000.0,2729.0
118,0.0,0.0,0.0,0.0,0.0,0.0,0.0,0.0,0.0,0.0,1.0,0.0,0.0,0.0,0.0,0.0,0.0,0.0,0.0,0.0,1.0,0.0,0.0,0.0,0.0,0.0,0.0,1.0,0.0,18.841571428571427,2157.352,4.504,225.29,390.0,7.0,58.02758620689655,1.0,1.0,1.0,1.0,1.0,1.0,1.0,0.0,1.0,7750000.0,204.0952380952381
119,0.0,0.0,0.0,0.0,0.0,0.0,0.0,0.0,0.0,0.0,1.0,0.0,0.0,0.0,0.0,0.0,0.0,0.0,0.0,0.0,1.0,0.0,0.0,0.0,0.0,0.0,0.0,1.0,0.0,18.841571428571427,2996.0,6.0,286.997559,520.0,5.0,58.02758620689655,1.0,1.0,1.0,1.0,1.0,1.0,0.0,1.0,1.0,8700000.0,204.0952380952381
120,0.0,0.0,0.0,0.0,0.0,0.0,0.0,0.0,0.0,0.0,1.0,0.0,0.0,0.0,0.0,0.0,0.0,0.0,0.0,0.0,1.0,0.0,0.0,0.0,0.0,0.0,0.0,0.0,1.0,18.841571428571427,1991.0,4.0,225.00006100000002,400.0,5.0,51.0,1.0,1.0,1.0,1.0,1.0,1.0,0.0,1.0,1.0,5800000.0,174.25
121,0.0,0.0,0.0,0.0,0.0,0.0,0.0,0.0,0.0,0.0,1.0,0.0,0.0,0.0,0.0,0.0,0.0,0.0,0.0,0.0,1.0,0.0,1.0,0.0,0.0,0.0,0.0,0.0,0.0,18.841571428571427,2998.0,6.0,316.706247,520.63,4.0,58.02758620689655,1.0,1.0,1.0,1.0,1.0,1.0,0.0,0.0,1.0,13000000.0,245.01853002070393
122,0.0,0.0,0.0,0.0,0.0,0.0,0.0,0.0,0.0,0.0,1.0,0.0,0.0,0.0,0.0,0.0,0.0,0.0,0.0,0.0,1.0,0.0,0.0,0.0,0.0,0.0,0.0,1.0,0.0,18.841571428571427,1991.0,4.0,225.00006100000002,400.0,5.0,58.02758620689655,1.0,1.0,1.0,1.0,1.0,1.0,0.0,0.0,1.0,6350000.0,204.0952380952381
124,0.0,0.0,0.0,0.0,0.0,0.0,1.0,0.0,0.0,0.0,0.0,0.0,0.0,0.0,0.0,0.0,0.0,0.0,0.0,1.0,0.0,0.0,0.0,0.0,0.0,0.0,0.0,1.0,0.0,18.841571428571427,1997.0,4.0,149.997555,430.0,5.0,60.0,1.0,1.0,1.0,1.0,1.0,1.0,0.0,1.0,1.0,7741000.0,204.0952380952381
126,0.0,0.0,0.0,0.0,0.0,0.0,1.0,0.0,0.0,0.0,0.0,0.0,0.0,0.0,0.0,0.0,0.0,0.0,0.0,0.0,1.0,0.0,0.0,0.0,0.0,0.0,0.0,1.0,0.0,18.841571428571427,2157.352,4.504,394.26,696.0,5.0,58.02758620689655,1.0,1.0,1.0,1.0,1.0,1.0,0.0,1.0,1.0,12200000.0,174.0
129,0.0,0.0,0.0,0.0,0.0,0.0,0.0,1.0,0.0,0.0,0.0,0.0,0.0,0.0,0.0,0.0,0.0,0.0,0.0,1.0,0.0,0.0,0.0,0.0,0.0,0.0,0.0,1.0,0.0,18.841571428571427,1997.0,4.0,183.994018,430.0,5.0,66.0,1.0,1.0,1.0,1.0,1.0,1.0,0.0,1.0,1.0,7209000.0,212.0
130,0.0,0.0,0.0,0.0,0.0,0.0,0.0,1.0,0.0,0.0,0.0,0.0,0.0,0.0,0.0,0.0,0.0,0.0,0.0,0.0,1.0,0.0,0.0,0.0,0.0,0.0,0.0,1.0,0.0,18.841571428571427,1997.0,4.0,183.994018,365.0,5.0,82.0,1.0,1.0,1.0,1.0,1.0,1.0,1.0,0.0,1.0,9300000.0,204.0952380952381
131,0.0,0.0,0.0,0.0,0.0,0.0,0.0,0.0,0.0,0.0,0.0,0.0,0.0,0.0,0.0,0.0,0.0,0.0,1.0,0.0,1.0,0.0,0.0,0.0,0.0,0.0,0.0,1.0,0.0,17.2,1969.0,4.0,300.0,420.0,7.0,58.02758620689655,1.0,1.0,1.0,1.0,1.0,1.0,0.0,1.0,1.0,9850000.0,223.0
132,0.0,0.0,0.0,0.0,0.0,0.0,0.0,0.0,0.0,0.0,0.0,0.0,0.0,0.0,0.0,0.0,0.0,0.0,1.0,0.0,1.0,0.0,0.0,0.0,0.0,0.0,0.0,1.0,0.0,12.18,1969.0,4.0,197.0,300.0,5.0,58.02758620689655,1.0,1.0,1.0,1.0,1.0,1.0,0.0,0.0,1.0,4640000.0,204.0952380952381
133,0.0,0.0,0.0,0.0,0.0,0.0,0.0,0.0,0.0,0.0,0.0,0.0,0.0,0.0,0.0,0.0,0.0,0.0,1.0,0.0,1.0,0.0,0.0,0.0,0.0,0.0,0.0,0.0,1.0,18.841571428571427,1969.0,4.0,246.58,350.0,5.0,60.0,1.0,1.0,1.0,1.0,1.0,1.0,1.0,1.0,1.0,6790000.000000001,174.25
134,0.0,0.0,0.0,0.0,0.0,0.0,0.0,0.0,0.0,0.0,0.0,0.0,0.0,0.0,0.0,0.0,0.0,0.0,1.0,0.0,1.0,0.0,0.0,0.0,0.0,0.0,0.0,1.0,0.0,18.841571428571427,2157.352,4.504,408.0,660.0,5.0,58.02758620689655,1.0,1.0,1.0,1.0,1.0,1.0,0.0,1.0,1.0,5690000.0,204.0952380952381
135,0.0,0.0,0.0,0.0,0.0,0.0,0.0,0.0,0.0,0.0,0.0,1.0,0.0,0.0,0.0,0.0,0.0,0.0,0.0,1.0,0.0,0.0,0.0,0.0,0.0,0.0,0.0,1.0,0.0,11.56,3200.0,4.0,148.61801000000003,441.0,7.0,88.0,1.0,1.0,1.0,1.0,1.0,1.0,1.0,1.0,1.0,4092000.0,235.0
136,0.0,0.0,0.0,0.0,0.0,0.0,0.0,0.0,0.0,0.0,0.0,1.0,0.0,0.0,0.0,0.0,0.0,0.0,0.0,1.0,0.0,0.0,0.0,0.0,0.0,0.0,0.0,1.0,0.0,11.56,3200.0,4.0,148.61801000000003,441.0,7.0,88.0,1.0,1.0,1.0,1.0,1.0,1.0,1.0,1.0,1.0,4134000.0000000005,235.0
137,0.0,0.0,0.0,0.0,0.0,0.0,0.0,0.0,0.0,0.0,0.0,1.0,0.0,0.0,0.0,0.0,0.0,0.0,0.0,0.0,1.0,0.0,0.0,0.0,0.0,0.0,0.0,1.0,0.0,11.3,2360.0,4.0,170.0,226.0,5.0,88.0,1.0,1.0,1.0,1.0,1.0,1.0,1.0,1.0,1.0,2039999.9999999998,215.0
138,0.0,0.0,0.0,0.0,0.0,0.0,0.0,0.0,0.0,0.0,0.0,1.0,0.0,0.0,0.0,0.0,0.0,0.0,0.0,1.0,0.0,1.0,0.0,0.0,0.0,0.0,0.0,1.0,0.0,9.5,2835.0,4.0,118.6,29.8,6.0,92.0,1.0,1.0,1.0,1.0,1.0,1.0,0.0,1.0,1.0,2040500.0,190.0
139,0.0,0.0,0.0,0.0,0.0,0.0,0.0,0.0,0.0,0.0,0.0,0.0,0.0,0.0,0.0,0.0,0.0,0.0,0.0,1.0,0.0,0.0,0.0,0.0,0.0,0.0,0.0,1.0,0.0,14.9,1956.0,4.0,125.03151899999999,350.0,5.0,60.0,1.0,1.0,1.0,1.0,1.0,1.0,0.0,1.0,1.0,2690000.0,204.0952380952381
140,0.0,0.0,0.0,0.0,0.0,0.0,0.0,0.0,0.0,0.0,0.0,0.0,0.0,0.0,0.0,0.0,0.0,0.0,0.0,0.0,1.0,0.0,0.0,0.0,0.0,0.0,0.0,1.0,0.0,12.1,1998.0,4.0,199.8476,400.0,5.0,58.02758620689655,1.0,1.0,1.0,1.0,1.0,1.0,0.0,1.0,1.0,6265000.000000001,217.0
141,0.0,0.0,0.0,0.0,0.0,0.0,0.0,0.0,0.0,0.0,0.0,0.0,0.0,0.0,0.0,0.0,0.0,0.0,0.0,1.0,0.0,0.0,0.0,0.0,0.0,0.0,0.0,1.0,0.0,18.841571428571427,1956.0,4.0,128.521395,350.0,7.0,60.0,1.0,1.0,1.0,1.0,1.0,1.0,0.0,1.0,1.0,3600499.9999999995,204.0952380952381
142,0.0,0.0,0.0,0.0,0.0,0.0,0.0,0.0,0.0,0.0,0.0,0.0,0.0,0.0,0.0,0.0,0.0,0.0,0.0,0.0,1.0,0.0,0.0,0.0,0.0,0.0,0.0,1.0,0.0,18.841571428571427,1995.0,4.0,200.048939,400.0,5.0,87.0,1.0,1.0,1.0,1.0,1.0,1.0,1.0,1.0,1.0,8050000.0,204.0952380952381
